{
    "2": [
        -0.0042785547226396742, 
        -0.0045180296745211401, 
        -0.0045424562965437898, 
        -0.0041643953980479986, 
        -0.004137200048732359, 
        -0.0043641838484614615, 
        -0.0044874861957782952, 
        -0.0042964522658270887, 
        -0.0037041103438087697, 
        -0.0042003895043840056
    ], 
    "3": [
        -0.0024859564325470651, 
        -0.0024701433244302684, 
        -0.0023051672502334697, 
        -0.0022988915179640856, 
        -0.0023965685277981541, 
        -0.0024990696112807409, 
        -0.0027871133119841129, 
        -0.002558530669590664, 
        -0.0026338830281424086, 
        -0.0029729325043120758
    ], 
    "4": [
        -0.0027900091969090823, 
        -0.0023296912629861277, 
        -0.0023099727027828532, 
        -0.0022119535341991459, 
        -0.002694378793161617, 
        -0.0022083184714378201, 
        -0.0023137357735383002, 
        -0.0023853775459194426, 
        -0.0025797273353947436, 
        -0.0024753649499638652
    ], 
    "5": [
        -0.002141215885380382, 
        -0.002003520528706948, 
        -0.0020757462474790822, 
        -0.0020460743709776186, 
        -0.0023531679644056835, 
        -0.0021637308636844044, 
        -0.0023788142704212756, 
        -0.0022223831726687626, 
        -0.0020446892936522854, 
        -0.0024314971466346258
    ]
}