{
    "2": [
        -0.0039974814918266183, 
        -0.0065743285709917443, 
        -0.0068522495285689572, 
        -0.0057765132319511914, 
        -0.0053458496573118297, 
        -0.0058470079375010642, 
        -0.005025675639924565, 
        -0.0062277488346360599, 
        -0.0040292686015389878, 
        -0.0047899957765953627, 
        -0.0048240530831032691, 
        -0.0057896527338113513, 
        -0.0040536722551764159, 
        -0.0060545968757817481, 
        -0.0038527147831052266, 
        -0.0047362096924175034, 
        -0.0043360676214614924, 
        -0.004911008386260407, 
        -0.0040904932000219163, 
        -0.0057606694801723424, 
        -0.0056257899409993817, 
        -0.0043452116410677699, 
        -0.0048014861451756985, 
        -0.0043076897148482396, 
        -0.0052158338394570347
    ], 
    "3": [
        -0.0035239028833693731, 
        -0.0038610728381919812, 
        -0.0036844625904983996, 
        -0.0024435975204854243, 
        -0.0029036772462029126, 
        -0.0024870024256471168, 
        -0.0024160664544479182, 
        -0.002401166627815754, 
        -0.0034746005810021852, 
        -0.0034115899537380256, 
        -0.0040865043836717241, 
        -0.0034359766858490237, 
        -0.0047301048314520866, 
        -0.0036470546757786104, 
        -0.0041806526404027378, 
        -0.0026349277037336361, 
        -0.0028297874613036067, 
        -0.0035262765973493038, 
        -0.0029444611551915634, 
        -0.0031591318669937085, 
        -0.0029008326851513722, 
        -0.0028733825014119474, 
        -0.003632276511586513, 
        -0.0026525271616350821, 
        -0.0027344913089596412
    ], 
    "4": [
        -0.0015896354051819495, 
        -0.001557853199100484, 
        -0.0015231649230645072, 
        -0.0015985625296461303, 
        -0.0017415733292450164, 
        -0.001471768997107048, 
        -0.0016245225490686133, 
        -0.0023379850725128437, 
        -0.0019855614675667321, 
        -0.0015823985966782195, 
        -0.001766473831009252, 
        -0.0017283011882138488, 
        -0.00204941124266389, 
        -0.0017066844503305645, 
        -0.0013527207872413016, 
        -0.0014464074661103832, 
        -0.0014592169625647633, 
        -0.0013663228308853081, 
        -0.001985237674459156, 
        -0.0022199132324270399, 
        -0.0016863170277036932, 
        -0.0017485161463600407, 
        -0.0018224665087981651, 
        -0.0018811057470783654, 
        -0.0018388327170336116
    ], 
    "5": [
        -0.0011550244289310063, 
        -0.00093919454363647348, 
        -0.0010678980620846823, 
        -0.00098169559427280229, 
        -0.001219222386581037, 
        -0.0010786873337114422, 
        -0.00086985089836244534, 
        -0.0011065582308191213, 
        -0.00086724064038809501, 
        -0.00066947609800696584
    ]
}