{
    "2": [
        -0.0036254235424735826, 
        -0.0027736885411919487, 
        -0.003241215856152585, 
        -0.0043259998249984277, 
        -0.0026104664232675656, 
        -0.0034790615103318656, 
        -0.0044250171645268399, 
        -0.003138652764667238, 
        -0.0039662505097518841, 
        -0.0042327889465263724
    ], 
    "3": [
        -0.0021875265609265504, 
        -0.0024614268110521587, 
        -0.0026649915869512708, 
        -0.0025451330899014801, 
        -0.0022587275752261604, 
        -0.0023440125306896931, 
        -0.0029262500604111119, 
        -0.0022021323866778242, 
        -0.0020612932584186394, 
        -0.0029551339059682435
    ], 
    "4": [
        -0.0022391629539245117, 
        -0.0024900979779208243, 
        -0.003008058630761673, 
        -0.0021886736130081186, 
        -0.0024665388323216741, 
        -0.0022388987906063473, 
        -0.0038013220089193611, 
        -0.0035556195508570088, 
        -0.0028792149751075968, 
        -0.0025537862602701411
    ], 
    "5": [
        -0.0030916473349064943, 
        -0.0030762284337277901, 
        -0.0027415507847693421, 
        -0.0028589366429963015, 
        -0.0027176260588258894, 
        -0.0025823912253924441, 
        -0.0025038489417793242, 
        -0.0027117543724232696, 
        -0.0026311593444018344, 
        -0.0026811516518340239
    ]
}