{
    "2": [
        -0.0048136114296130073, 
        -0.005569279747418332, 
        -0.0047314418512897777, 
        -0.0043010157410825062, 
        -0.0053295908158192407, 
        -0.0055322310620483373, 
        -0.0048087509371189663, 
        -0.0059276936867337648, 
        -0.0056673717077771052, 
        -0.0028768553653417683, 
        -0.0046278011941175146, 
        -0.0046592791390837607, 
        -0.0043880083664069591, 
        -0.0061241677947095896, 
        -0.0021769943195848462, 
        -0.0045813499072766828, 
        -0.0040683710600425416, 
        -0.0044443602172736241, 
        -0.0037700967853343259, 
        -0.0057219131485184704, 
        -0.0043064753158514046, 
        -0.0039974036579905059, 
        -0.0041699813171825195, 
        -0.004084543113664546, 
        -0.0054005898591185375
    ], 
    "3": [
        -0.0024703982234551558, 
        -0.0028877388629169332, 
        -0.0035730277987557069, 
        -0.0024149516086796885, 
        -0.0019615543056191453, 
        -0.0027060317245312659, 
        -0.0026201827245525555, 
        -0.0024414298598540995, 
        -0.0028150193559806358, 
        -0.002434719849990663, 
        -0.0029144982812395748, 
        -0.0028671196956312761, 
        -0.0022263925734545553, 
        -0.0026746864036246987, 
        -0.0041714844689517139, 
        -0.0023811684547710987, 
        -0.0025425716362340867, 
        -0.0028342088930021214, 
        -0.0026429225989870464, 
        -0.0030014718480672054, 
        -0.0027929250889033863, 
        -0.0027208499939145869, 
        -0.003741056021973832, 
        -0.0025482188835324326, 
        -0.0026103111738474405
    ], 
    "4": [
        -0.0015504330273484468, 
        -0.0011943745411140405, 
        -0.0015392816315285829, 
        -0.0014007096834471044, 
        -0.0017103066039247383, 
        -0.0012509085542243559, 
        -0.0018420212492994414, 
        -0.0018158814971960258, 
        -0.0016028390914469837, 
        -0.0013528787912827078, 
        -0.0016937342513674292, 
        -0.0018009892704142771, 
        -0.0018499525503958558, 
        -0.0013988856094510338, 
        -0.0014034764135974764, 
        -0.0015183483089747096, 
        -0.0016476441720535695, 
        -0.0013095698056911909, 
        -0.0014268493728900045, 
        -0.0012258326578364065, 
        -0.0014528425122991295, 
        -0.0016543226640730602, 
        -0.0017022998122449007, 
        -0.0016607237657542684, 
        -0.0018801834484736824
    ], 
    "5": [
        -0.00071183607463451426, 
        -0.00057286564315614519, 
        -0.00071831360774532449, 
        -0.00082612547401506031, 
        -0.0011322075427985523, 
        -0.0010240114439829529, 
        -0.0007511804159805735, 
        -0.00074946472549727861, 
        -0.00046105847629307473, 
        -0.00081879067734966227
    ]
}