{
    "2": [
        -0.005851063885017535, 
        -0.0062958896394812724, 
        -0.0058594776108658042, 
        -0.00482186008411295, 
        -0.0058192747209799001, 
        -0.0050657840566377954, 
        -0.0052905022631997561, 
        -0.0061583185331094414, 
        -0.0059494626117420069, 
        -0.004778780783921327
    ], 
    "3": [
        -0.0033788787360022055, 
        -0.0029253590409664132, 
        -0.0034906463253409348, 
        -0.0033450103050875479, 
        -0.0030508570293091009, 
        -0.0032852003714582689, 
        -0.0033691052497647755, 
        -0.0034968901736296132, 
        -0.0033750861368517238, 
        -0.0032668604430714787
    ], 
    "4": [
        -0.0031571662185557736, 
        -0.0032355649034506995, 
        -0.0029389758843599845, 
        -0.0029931734196937398, 
        -0.0034525930334370347, 
        -0.0029927439816657964, 
        -0.0029034573002978958, 
        -0.003026421620079045, 
        -0.0031679621536333247, 
        -0.0032612513041776203
    ], 
    "5": [
        -0.002509609591288986, 
        -0.0028063940329437209, 
        -0.0028516900985069427, 
        -0.0029273932035230044, 
        -0.0026997270592692968, 
        -0.0029679753476748449, 
        -0.0027239961070265883, 
        -0.0028493702145152011, 
        -0.0029850883928075056, 
        -0.0029313099503177897
    ]
}