{
    "2": [
        -0.0043182411719200758, 
        -0.0047035109986599127, 
        -0.0052865816688315026, 
        -0.0040796681514500277, 
        -0.0046851480956980607, 
        -0.0043129147317862992, 
        -0.0045993115205662516, 
        -0.004678709656741678, 
        -0.003709152117310377, 
        -0.0052456357238039597
    ], 
    "3": [
        -0.0050356295807819085, 
        -0.0052021317582886806, 
        -0.0046523434566200506, 
        -0.0050022246353317035, 
        -0.0051626017685833248, 
        -0.0042354455625001619, 
        -0.0059549123892873312, 
        -0.0050564724465608779, 
        -0.0044840838588358356, 
        -0.0049132048718092403
    ], 
    "4": [
        -0.0052156416753738333, 
        -0.005184024827327216, 
        -0.0049580289065256355, 
        -0.0058907092845559839, 
        -0.0053035969489083901, 
        -0.0057150277140160799, 
        -0.0052040862539923516, 
        -0.0059121443472535395, 
        -0.0055723249247056628, 
        -0.0052892539342848099
    ], 
    "5": [
        -0.0048471077240284099, 
        -0.0047693545455529396, 
        -0.0052610183343775041, 
        -0.0046850925687170752, 
        -0.0051290727458903063, 
        -0.0047755312317334098, 
        -0.0053677292979142088, 
        -0.0050295483683360509, 
        -0.0048926689821909564, 
        -0.0047649861654247283
    ]
}