{
    "2": [
        -0.0043574088766190067, 
        -0.0049085070057702795, 
        -0.0057569659145390445, 
        -0.0056755702988778023, 
        -0.0045583080841544166, 
        -0.0046474013401077152, 
        -0.004782866232032168, 
        -0.0042479353115148777, 
        -0.0050032486931641529, 
        -0.004921230012196659
    ], 
    "3": [
        -0.0046061102995463843, 
        -0.0064065977608981084, 
        -0.0051479214296072107, 
        -0.0046432621298261312, 
        -0.0061140409637837345, 
        -0.0052324929224244754, 
        -0.0058296880365950043, 
        -0.0044550464124968325, 
        -0.0058352620852777787, 
        -0.0042475578438742612
    ], 
    "4": [
        -0.0059491658881988818, 
        -0.0059365362859342685, 
        -0.0057708258424462866, 
        -0.0052606526713900592, 
        -0.004779281803651475, 
        -0.0058447283206367051, 
        -0.0058075646973252681, 
        -0.0050326182526917451, 
        -0.0055171931123027818, 
        -0.0060245806200210361
    ], 
    "5": [
        -0.005005627491483422, 
        -0.0050357580047624695, 
        -0.0050263295054926438, 
        -0.0051569697801812087, 
        -0.0046262229004068733, 
        -0.0047901410598629179, 
        -0.0052204503423266546, 
        -0.0051247574845214861, 
        -0.0052343573831844514, 
        -0.0059725241805371199
    ]
}