{
    "2": [
        -0.0055694516565429064, 
        -0.0047776905712584861, 
        -0.0048475888325891225, 
        -0.0044679771341893382, 
        -0.0044791206043280629, 
        -0.0046745650967451591, 
        -0.0048790683333077983, 
        -0.00461080629523411, 
        -0.0057864278574949191, 
        -0.0062442460281591505
    ], 
    "3": [
        -0.0028485882539826257, 
        -0.0027691820374661502, 
        -0.0026857904199759919, 
        -0.0025958199786931813, 
        -0.0023848373798284195, 
        -0.0026053924594336142, 
        -0.0031586390620167992, 
        -0.0025756883305313172, 
        -0.002414449026106158, 
        -0.0031396760002713742
    ], 
    "4": [
        -0.0027260298494283519, 
        -0.0026417137554237136, 
        -0.0025664140105524369, 
        -0.0024926029518733961, 
        -0.002299609346600201, 
        -0.0023594217749823843, 
        -0.0024546473174293648, 
        -0.0024776335248475334, 
        -0.0024281250604346882, 
        -0.0026400171031351893
    ], 
    "5": [
        -0.0023102981075637796, 
        -0.0023442671717781027, 
        -0.0021880133071943697, 
        -0.0022419607786572093, 
        -0.002202656428504951, 
        -0.0020548020488735663, 
        -0.0022835238718142137, 
        -0.0026577192713148345, 
        -0.002220645580476327, 
        -0.0026299603253498727
    ]
}