{
    "2": [
        -0.0046636757893251668, 
        -0.0055493007006740813, 
        -0.0031811567742957292, 
        -0.0043494411126592802, 
        -0.0040490402383112356, 
        -0.0045179792425232845, 
        -0.0046864135243519789, 
        -0.0030174170253331467, 
        -0.0047183422442355349, 
        -0.0045302657042596423
    ], 
    "3": [
        -0.0022582862687549055, 
        -0.002615542607862259, 
        -0.001510835176920855, 
        -0.0029239785979498778, 
        -0.0018922320200045195, 
        -0.0024741749772231592, 
        -0.002207110152595837, 
        -0.0023080335829328835, 
        -0.0018146909335308992, 
        -0.0025460594228288724
    ], 
    "4": [
        -0.0017900016674972652, 
        -0.001859029083302377, 
        -0.0020619887121275104, 
        -0.0010962437527334001, 
        -0.0018594753933060815, 
        -0.0019334797253616476, 
        -0.0022803942848229619, 
        -0.0021547783299819268, 
        -0.0019486093247301495, 
        -0.0014358385342316538
    ], 
    "5": [
        -0.0012128206003525765, 
        -0.0009000604582804772, 
        -0.00093974642041597112, 
        -0.00084407468779640338, 
        -0.0013417176374924955, 
        -0.00082966551450899817, 
        -0.0013099071651326566, 
        -0.0012172535498058967, 
        -0.00087107370845895815, 
        -0.0010625127788150002
    ]
}