{
  "impact_after": [
    7.5622823934657914e-06, 
    7.8629358825697551e-06, 
    5.0702676884906702e-06, 
    6.5774521709249804e-06, 
    6.0255756522715754e-06, 
    8.605757641707235e-06, 
    5.6163057698787602e-06, 
    6.1389028953033333e-06, 
    5.7721765017771372e-06, 
    6.1030882476428297e-06, 
    5.98002746391596e-06, 
    5.2004548801077852e-06, 
    6.5778916134395789e-06, 
    7.3329466293884368e-06, 
    7.4631594560381489e-06, 
    6.7960099353332473e-06, 
    6.4304355971504523e-06, 
    6.5696938410177428e-06, 
    6.0775944054599075e-06, 
    9.2193361227956303e-06, 
    6.1922301375738616e-06, 
    7.6324850401073836e-06, 
    7.300768942201996e-06, 
    7.6005982372037148e-06, 
    8.4311030340186163e-06, 
    9.9679614979404917e-06, 
    6.4813989856054019e-06, 
    6.5983374722500267e-06, 
    7.2920828860191243e-06, 
    6.6500791021150142e-06, 
    7.66781524865534e-06, 
    1.1787137230858502e-05, 
    6.3061058346818296e-06, 
    5.7330239097759248e-06, 
    8.899749590241646e-06, 
    8.0254367951684283e-06, 
    5.4658523817167072e-06, 
    9.83473451702016e-06, 
    6.19673883226135e-06, 
    5.2319810667210696e-06, 
    6.7113242214683619e-06, 
    6.9079273809792287e-06, 
    6.0583957578532739e-06, 
    8.7036774372946095e-06, 
    6.9620273530517918e-06, 
    7.763051554423362e-06, 
    7.5955917778954272e-06, 
    5.3526962249242361e-06, 
    6.1062536887551697e-06, 
    6.368502727625458e-06, 
    7.3630360392598075e-06, 
    5.9504874586012173e-06, 
    6.0262574083529416e-06, 
    5.4386292935665881e-06, 
    8.2882956298196416e-06, 
    4.8665651784717269e-06, 
    8.2175131536257332e-06, 
    5.7975561135385492e-06, 
    7.601514631918438e-06, 
    6.7853046909264744e-06, 
    8.382592640348297e-06, 
    5.6125146373787183e-06, 
    5.8870791252007006e-06, 
    6.9022538968670496e-06
  ], 
  "mi_after": [
    0.057296135485744859, 
    0.055062130168827661, 
    0.03324241217238022, 
    0.062572126031219533, 
    0.035221835137892121, 
    0.061966576019598207, 
    0.048152783532984689, 
    0.040368889288316723, 
    0.062089208190044154, 
    0.079990370255668797, 
    0.038167447952940137, 
    0.049411960507383501, 
    0.062348802971660788, 
    0.050643779508322329, 
    0.033291952749564313, 
    0.071717041692184402, 
    0.043483982861434178, 
    0.049142663613563897, 
    0.055922291719854744, 
    0.099055412359790651, 
    0.075392523771601994, 
    0.069957971422860421, 
    0.049021834237758188, 
    0.045357961677507053, 
    0.046601111133680817, 
    0.086264982716675931, 
    0.061385363376135427, 
    0.033974383743741399, 
    0.069812978625301447, 
    0.031942094544193722, 
    0.077272143043280117, 
    0.09021321034028551, 
    0.091112990152945272, 
    0.038148519229955546, 
    0.066665594577110188, 
    0.043057409791367185, 
    0.063329209578732115, 
    0.061183956712096421, 
    0.045374124165878715, 
    0.028466841962684342, 
    0.062186880749148798, 
    0.055953656431412924, 
    0.055038988006542944, 
    0.067342457856668592, 
    0.062400141114998586, 
    0.065387728278120338, 
    0.057213335778484087, 
    0.02812980313666813, 
    0.052492868477502785, 
    0.053092565624835331, 
    0.064569725222812568, 
    0.050939791006183288, 
    0.062627943839813849, 
    0.028836178745151209, 
    0.086389882310576649, 
    0.028229646235232053, 
    0.063291394462650086, 
    0.034334326684475336, 
    0.059585813313697944, 
    0.057220721849671641, 
    0.047427272389158226, 
    0.03629038646907512, 
    0.043277737584468401, 
    0.052280986514156691
  ], 
  "impact_before": [
    1.3651921582701398e-05, 
    1.5621404287835094e-05, 
    8.3119629289975511e-06, 
    1.2199615020819843e-05, 
    1.5836769170291311e-05, 
    1.3853351957222814e-05, 
    1.1615603042238686e-05, 
    1.3123572339046653e-05, 
    1.2385312370583434e-05, 
    1.1220987775794277e-05, 
    8.4111488148501111e-06, 
    1.0343178204417325e-05, 
    9.1922023319600525e-06, 
    1.4799216077048095e-05, 
    1.0360222963930355e-05, 
    1.0948572498582887e-05, 
    1.2381311343510559e-05, 
    1.1099756203137079e-05, 
    9.0592168846730383e-06, 
    1.0875045804939504e-05, 
    9.6249112483725032e-06, 
    1.5123642920825963e-05, 
    1.1515656763629755e-05, 
    1.1763611008123065e-05, 
    1.4126228590955303e-05, 
    1.8663783998509041e-05, 
    9.2366446426522261e-06, 
    1.2826200085384486e-05, 
    1.6965058214830354e-05, 
    9.8075817003839279e-06, 
    9.925691657911572e-06, 
    2.0235997579320374e-05, 
    1.243031345535811e-05, 
    9.6432661520585161e-06, 
    1.3042623208618486e-05, 
    1.6634897728920959e-05, 
    9.4383702735506563e-06, 
    1.9540600202625823e-05, 
    9.4615256404201874e-06, 
    1.3359790448279841e-05, 
    1.113179261673336e-05, 
    1.4341545042991899e-05, 
    1.0140110697584137e-05, 
    1.5022613888649117e-05, 
    1.5217102772933977e-05, 
    1.9855858062327702e-05, 
    1.4325410874115985e-05, 
    1.6403501021286181e-05, 
    2.1266199656484853e-05, 
    8.9068450682763805e-06, 
    1.3497356596993194e-05, 
    1.366775063466602e-05, 
    1.167623386930522e-05, 
    1.0075558167744803e-05, 
    1.4838668839647406e-05, 
    8.3946163729430312e-06, 
    1.0960998431223501e-05, 
    1.3649504257982225e-05, 
    1.2442395831381792e-05, 
    1.088148253390453e-05, 
    1.2878933631003342e-05, 
    8.8007108179641853e-06, 
    1.2177443472419947e-05, 
    1.5225762389246666e-05
  ], 
  "mi_before": [
    0.087315506285048361, 
    0.064234468525389943, 
    0.044602228833126478, 
    0.085263708721379672, 
    0.052465171598966354, 
    0.08255768197656943, 
    0.080587085909339606, 
    0.051156495127668844, 
    0.077179500089290531, 
    0.099520498365750942, 
    0.042743244115021284, 
    0.06088665234750712, 
    0.065406970968555633, 
    0.068010090984385485, 
    0.038927874795869677, 
    0.082030558954163002, 
    0.064380057994327, 
    0.063271360794134868, 
    0.078629730460978209, 
    0.10993700693359676, 
    0.079187517400134855, 
    0.1008855064376859, 
    0.068488536569508263, 
    0.04796517996296501, 
    0.064972638292581042, 
    0.11850975650754725, 
    0.069069099569439629, 
    0.041795439457243955, 
    0.09777522981657194, 
    0.037800806834593637, 
    0.10005585912069659, 
    0.13892143058138906, 
    0.10457547165932413, 
    0.037345464129382666, 
    0.072673197588942529, 
    0.065384762767517035, 
    0.081391032263830709, 
    0.072785273254941441, 
    0.055116387974633696, 
    0.045220092875329243, 
    0.072967405171482813, 
    0.070926410083931746, 
    0.06885499269823514, 
    0.074219979636360289, 
    0.099092952666473444, 
    0.095246598972230423, 
    0.073820718765509774, 
    0.042987097092105131, 
    0.076553627987689499, 
    0.057307163097103153, 
    0.078859861035023293, 
    0.082639200202272001, 
    0.079771430305634272, 
    0.037244183434340439, 
    0.096151210788306685, 
    0.031042238144862733, 
    0.069466562666542053, 
    0.041182923174219344, 
    0.063921582695551482, 
    0.069143161915817153, 
    0.054254771861146356, 
    0.055336800399788721, 
    0.057798681405153651, 
    0.065610002447255233
  ]
}