{
  "impact_after": [
    1.7605808695982383e-06, 
    1.1978610720574378e-06, 
    1.4059552836146461e-06, 
    1.467259522257458e-06, 
    1.5182670189232694e-06, 
    1.7444554321888738e-06, 
    1.8894379707302677e-06, 
    1.6572564769984366e-06, 
    2.1092335197947509e-06, 
    2.0451636687876528e-06, 
    1.528108778116155e-06, 
    1.4978051483597875e-06, 
    2.7605703857044306e-06, 
    1.2739957396737945e-06, 
    1.6595826120978651e-06, 
    1.4165476997258785e-06, 
    1.5847064515727705e-06, 
    1.2914087847266665e-06, 
    1.5454060961074268e-06, 
    1.5794845626483368e-06, 
    1.1641875851697293e-06, 
    1.2031677140273422e-06, 
    1.4833993854856398e-06, 
    2.0795886310616686e-06, 
    1.7068260103247357e-06, 
    2.1428543003998437e-06, 
    1.3230219458976177e-06, 
    2.054548748069207e-06, 
    1.6105827128288231e-06, 
    1.617163731924387e-06
  ], 
  "mi_after": [
    0.015680139643969859, 
    0.008590179089350336, 
    0.016723918196948961, 
    0.021043550886229223, 
    0.014223119960781183, 
    0.021466019614768239, 
    0.015642948838141102, 
    0.026608746825794949, 
    0.02378893409353644, 
    0.026725056621040189, 
    0.022226090910029139, 
    0.02157155590914428, 
    0.034447656483200806, 
    0.011092000262911128, 
    0.032611121766879414, 
    0.024037802520465501, 
    0.014702451617862877, 
    0.015694641181429159, 
    0.019336296874699954, 
    0.015978460169045583, 
    0.014530714439273229, 
    0.014636824676866667, 
    0.013486575029178827, 
    0.020390243752634873, 
    0.019516833983917792, 
    0.015966528602860297, 
    0.013903129113135293, 
    0.018888334277426644, 
    0.01514890775206057, 
    0.017629547380584754
  ], 
  "impact_before": [
    2.8679050107746072e-06, 
    1.5892356084127869e-06, 
    1.9926223472769845e-06, 
    1.6921635907966026e-06, 
    1.8421898383179091e-06, 
    3.3618656325274942e-06, 
    2.991017846229127e-06, 
    2.5614234200370678e-06, 
    2.9062527682377492e-06, 
    2.1906491312164155e-06, 
    2.2945972659313417e-06, 
    2.527297227861547e-06, 
    4.3042027326910539e-06, 
    1.6148188959855258e-06, 
    2.6997531367671245e-06, 
    2.1466692335360692e-06, 
    2.2797882943134673e-06, 
    1.7608624753315815e-06, 
    1.9493276457591134e-06, 
    1.9127055888581433e-06, 
    1.6864526580337435e-06, 
    2.0639965414985252e-06, 
    2.264828767019944e-06, 
    2.4454794155254756e-06, 
    2.3727810682518389e-06, 
    3.086990376609755e-06, 
    1.4602449971675701e-06, 
    2.7259213565302142e-06, 
    2.0855141639418151e-06, 
    2.1470917599205055e-06
  ], 
  "mi_before": [
    0.018945561772710118, 
    0.009424998531692097, 
    0.01947804028901956, 
    0.021518496596107273, 
    0.015596014930673086, 
    0.024730055490458369, 
    0.018360611294930607, 
    0.029593700439484838, 
    0.027797089114669937, 
    0.029481988430973161, 
    0.021092472914920002, 
    0.024101118080800177, 
    0.039359921828095779, 
    0.012437581981745716, 
    0.035577370854126933, 
    0.02747571278154215, 
    0.016575430398760194, 
    0.017687266440857385, 
    0.021116955667248138, 
    0.016832076452602873, 
    0.017239866017142447, 
    0.017247772287287688, 
    0.016003100784695246, 
    0.02085660790663324, 
    0.020864735276975743, 
    0.0170651252276941, 
    0.014456877538176371, 
    0.021335448563372328, 
    0.017036830168670747, 
    0.018261677784956021
  ]
}