{
  "impact_after": [
    6.9474875365533315e-06
  ], 
  "mi_after": [
    0.08639011527736562
  ], 
  "impact_before": [
    1.4506116762368349e-05
  ], 
  "mi_before": [
    0.11961103545902274
  ]
}