{
  "impact_after": [
    1.994758800522256e-05, 
    3.2045282930646152e-05, 
    2.5808322994845145e-05, 
    2.0771069284562572e-05, 
    3.4306140815278274e-05, 
    2.3097285082200491e-05, 
    3.2051291478188274e-05, 
    2.1274325547265452e-05, 
    2.3743553994526932e-05, 
    2.7630823067775202e-05, 
    3.2549086080254473e-05, 
    2.5229105180722302e-05, 
    4.0678525762803315e-05, 
    4.141262183345579e-05, 
    3.0682829458967828e-05, 
    1.7885497174600516e-05, 
    3.0089682691423093e-05, 
    2.1276548602517375e-05, 
    2.984318953468723e-05, 
    2.1480822766047791e-05, 
    3.2727781098852218e-05, 
    2.2174014904206953e-05, 
    3.8868053110086873e-05, 
    2.5496220620168901e-05, 
    3.5843796906762343e-05, 
    3.8254322013736744e-05, 
    2.9323915514125472e-05, 
    4.044664215037519e-05, 
    1.7745292865444295e-05, 
    3.9930081222846861e-05, 
    3.7328651159725613e-05, 
    3.2051677772035045e-05, 
    3.3989538544869299e-05
  ], 
  "mi_after": [
    0.12301699038248559, 
    0.070452102923514559, 
    0.17803465678260677, 
    0.18318261469662112, 
    0.15093249989239865, 
    0.10700094970103491, 
    0.17397650571697376, 
    0.11283132169844157, 
    0.099827468012160914, 
    0.1554173933948122, 
    0.18628762470009352, 
    0.10537284652135348, 
    0.17692466690513253, 
    0.16103360760030982, 
    0.22556370144753579, 
    0.071884459897461284, 
    0.13647278339627, 
    0.14462944164626546, 
    0.1880266771999648, 
    0.074295929567000929, 
    0.18671933846556765, 
    0.094626067631964794, 
    0.25038538332210347, 
    0.11402883500544014, 
    0.18132527489035066, 
    0.24933124827729269, 
    0.15498174421135236, 
    0.18270054958098658, 
    0.082798549790633391, 
    0.15983431485206401, 
    0.1612968487580333, 
    0.15792745847311274, 
    0.13722993747910817
  ], 
  "impact_before": [
    4.166379978692819e-05, 
    5.2664712121415712e-05, 
    4.6521426587063292e-05, 
    6.8751066774787258e-05, 
    8.290817622338098e-05, 
    5.7055421055171335e-05, 
    5.0339303065975893e-05, 
    6.3253756889816799e-05, 
    5.9599844095140406e-05, 
    4.4516205438049126e-05, 
    5.0582437466255127e-05, 
    4.9860870312129046e-05, 
    5.865032203885762e-05, 
    6.7182065308357743e-05, 
    7.3462397916086497e-05, 
    4.8232294350117998e-05, 
    9.0455551417940199e-05, 
    4.4290850170653703e-05, 
    5.3175198659803192e-05, 
    4.3687711532792413e-05, 
    6.0212213349251201e-05, 
    3.028509358628101e-05, 
    6.0810522649773072e-05, 
    5.4036297019654649e-05, 
    7.9256992684677285e-05, 
    7.9155064159921635e-05, 
    5.0649143941252305e-05, 
    5.7453787050957604e-05, 
    3.7378886689927001e-05, 
    7.0206113406552756e-05, 
    6.4318036821948705e-05, 
    5.8792508218092205e-05, 
    6.507466749350507e-05
  ], 
  "mi_before": [
    0.15319522904541527, 
    0.17695159372989, 
    0.26250726223869014, 
    0.34017604799359935, 
    0.24811462048501953, 
    0.21640171839083999, 
    0.26257610224021866, 
    0.1629695182275479, 
    0.14277518649449084, 
    0.2187105920182022, 
    0.20896747995447473, 
    0.20853258494430138, 
    0.21660784207534833, 
    0.19027766399358503, 
    0.29632813305192451, 
    0.21402439013374996, 
    0.24747567370919965, 
    0.19278145446580464, 
    0.19545367436054883, 
    0.14587656970052931, 
    0.26541583094988352, 
    0.10728271828460123, 
    0.31348291184281774, 
    0.19850843337299473, 
    0.29569357277831854, 
    0.30226740460030443, 
    0.23660172411096658, 
    0.20722191981200622, 
    0.15833503729021281, 
    0.14535857062629942, 
    0.28980077606135479, 
    0.21366336256658824, 
    0.23326653324241953
  ]
}