{
  "impact_after": [
    1.7567673148810859e-05, 
    3.2149811807968579e-05, 
    2.0503308540805427e-05, 
    3.0610439977330095e-05, 
    2.3444345218787131e-05, 
    2.913467388544888e-05, 
    2.9048399828092374e-05, 
    2.8885240581716097e-05, 
    2.7762362530814043e-05, 
    2.6709389419315501e-05
  ], 
  "mi_after": [
    0.1062661541672858, 
    0.21087406441300294, 
    0.11418576766895594, 
    0.19624964343522766, 
    0.096442609464101992, 
    0.104022155305596, 
    0.16257507354669043, 
    0.16097727373202142, 
    0.087332775592356526, 
    0.18854581469013265
  ], 
  "impact_before": [
    5.8133912138828736e-05, 
    4.8570942479617046e-05, 
    2.9314960920249544e-05, 
    4.9458458097762062e-05, 
    4.5952457526478749e-05, 
    7.0650114150758395e-05, 
    4.5821329101287719e-05, 
    5.0372856405799858e-05, 
    5.6149777146808854e-05, 
    5.0123692782705674e-05
  ], 
  "mi_before": [
    0.22561974286705011, 
    0.24988361068378806, 
    0.12909571594093183, 
    0.29208103893450676, 
    0.12054201212298121, 
    0.17244540844414447, 
    0.16913854763005043, 
    0.26246038358721568, 
    0.17041995597004655, 
    0.26901320857690969
  ]
}