{
  "impact_after": [
    2.2742811184018608e-05, 
    2.6539082299110006e-05, 
    3.6633870117942033e-05, 
    3.2591568571516434e-05, 
    3.1344207121804716e-05, 
    2.4268820492901993e-05, 
    3.4090608085685552e-05, 
    4.0585833191949691e-05, 
    2.5774616751915419e-05, 
    3.22269879451052e-05, 
    3.7423875963888465e-05, 
    3.1895325008783116e-05, 
    4.4658632730330192e-05, 
    2.7330362836395976e-05, 
    2.8257236689048837e-05, 
    3.0139495696050983e-05, 
    2.8916725403228261e-05, 
    4.8389557950651027e-05, 
    4.4415938906972956e-05, 
    5.3380956069996569e-05, 
    3.3792765089983133e-05, 
    2.4612167923330986e-05, 
    2.1758862126247142e-05
  ], 
  "mi_after": [
    0.11395614406157684, 
    0.09335792974900281, 
    0.14824329548210002, 
    0.18781074199862013, 
    0.11860460804325612, 
    0.079849947160256729, 
    0.15572823868751229, 
    0.13469280637491643, 
    0.13579321815775414, 
    0.13738050473994656, 
    0.14569119643953066, 
    0.16632930016281922, 
    0.25211246315784708, 
    0.18527662613315732, 
    0.14212484935969139, 
    0.13393355554180619, 
    0.18597774107688503, 
    0.29262470104028049, 
    0.18811688298324958, 
    0.24402364815920263, 
    0.13956592172755578, 
    0.16764790012368458, 
    0.086982062276086847
  ], 
  "impact_before": [
    4.5394479153443525e-05, 
    6.4187427046147279e-05, 
    7.6948599959074442e-05, 
    5.6087580139128482e-05, 
    6.1484131322623765e-05, 
    4.1849858384254815e-05, 
    4.1226811070939409e-05, 
    7.6966867315275827e-05, 
    5.7261858579284843e-05, 
    5.2522185269459506e-05, 
    4.8261068634458113e-05, 
    4.7018949136662158e-05, 
    6.2180496299504143e-05, 
    7.3310387030568714e-05, 
    3.7350475612154654e-05, 
    5.8386062546052884e-05, 
    6.3213046802955032e-05, 
    5.4875894713304393e-05, 
    6.013842390986948e-05, 
    6.1177881662325464e-05, 
    7.8859662377693315e-05, 
    4.7548195692301901e-05, 
    3.903352217287287e-05
  ], 
  "mi_before": [
    0.21913480422632192, 
    0.18130978878449078, 
    0.25656675174860766, 
    0.28172673710667384, 
    0.20291365242401849, 
    0.12707527935712504, 
    0.1579522406749172, 
    0.24423400677422613, 
    0.25796580765109089, 
    0.16726182254393107, 
    0.14688523423837196, 
    0.18949720108674883, 
    0.29452373710745849, 
    0.33366779990686224, 
    0.17360272272576571, 
    0.18868908603616052, 
    0.33134481742317279, 
    0.30422903616969821, 
    0.22707019071567913, 
    0.23321258839028314, 
    0.22818780386202775, 
    0.29392257597606175, 
    0.13994569146328617
  ]
}