{
    "2": [
        -0.0049564071823040151, 
        -0.0064388566113255941, 
        -0.0047779887404794941, 
        -0.005787649647661583, 
        -0.0053435058143335434, 
        -0.0058616426991316695, 
        -0.0053814391213718171, 
        -0.0045150849157905015, 
        -0.0049183688676733422, 
        -0.0043352501346752836, 
        -0.0073038794242352018, 
        -0.0047017487937277558, 
        -0.0064073405391085192, 
        -0.0065363290032171562, 
        -0.0049474057412177697, 
        -0.0050048416897839482, 
        -0.0039355322086014888, 
        -0.0050399761459324344, 
        -0.0040974012537429438, 
        -0.0048523746404887935, 
        -0.0057416188892201736, 
        -0.0046443084970358706, 
        -0.0040155464165058385, 
        -0.0041191559989544324, 
        -0.005088744328963668
    ], 
    "3": [
        -0.0035427479920250304, 
        -0.0038810230191232975, 
        -0.003685850248546757, 
        -0.0024476549856340957, 
        -0.0029123179167458713, 
        -0.0032471847862386438, 
        -0.0030240367304891491, 
        -0.0022166690439864578, 
        -0.0027555199956778575, 
        -0.0037017206408128667, 
        -0.0040923267986822109, 
        -0.0040485360676040805, 
        -0.0047344993247590561, 
        -0.0033014464003722765, 
        -0.0041949891417378815, 
        -0.0030052074812892404, 
        -0.0031268868516551585, 
        -0.0028656143986172389, 
        -0.0033920442987104837, 
        -0.0031300680535673864, 
        -0.0025308917617521132, 
        -0.0032837955501467953, 
        -0.0036637435153439313, 
        -0.0036336346154238197, 
        -0.0026639653442836198
    ], 
    "4": [
        -0.0013920664199965349, 
        -0.0013282416322781543, 
        -0.0015826878095793473, 
        -0.0012761130180610203, 
        -0.0017527960153397582, 
        -0.0014256071282699456, 
        -0.0013220781526193381, 
        -0.0024993576880150692, 
        -0.001798409152710484, 
        -0.0011140371416043793, 
        -0.0017093194658024669, 
        -0.0014101323333604587, 
        -0.0019756510283166218, 
        -0.0018775402420300458, 
        -0.0017064090445436109, 
        -0.0016664666404953565, 
        -0.0021934758600355708, 
        -0.0017532763010881247, 
        -0.0014792222758231444, 
        -0.0022260506346609421, 
        -0.0017455599039837566, 
        -0.0013328575650596308, 
        -0.0018479661571790817, 
        -0.0015875257007207377, 
        -0.0019736085731009156
    ]
}