{
    "2": [
        -0.0040448452878196206, 
        -0.0035848189689577231, 
        -0.0037948061873172567, 
        -0.004213364493893923, 
        -0.0043518533229594258, 
        -0.0038708975157785569, 
        -0.0042734362999861664, 
        -0.0048341255893820656, 
        -0.003505970384810625, 
        -0.0048608776667518616
    ], 
    "3": [
        -0.0027583739003083363, 
        -0.0022699182367311443, 
        -0.0022728653638014185, 
        -0.002230816252849932, 
        -0.0030964472745268201, 
        -0.0024044018758357377, 
        -0.00268680477169983, 
        -0.0027386329022968392, 
        -0.0024466240351409541, 
        -0.0025799535606674251
    ], 
    "4": [
        -0.0024947287714812416, 
        -0.0025408659492935082, 
        -0.0024906765860439051, 
        -0.003154657277613826, 
        -0.0026239543583039537, 
        -0.0022550473976319096, 
        -0.0026494248201093251, 
        -0.0026916649287393457, 
        -0.0022739466956074594, 
        -0.0025106248310573509
    ], 
    "5": [
        -0.00275247430528891, 
        -0.0029011188389431175, 
        -0.0033117287585707478, 
        -0.0027042378177686288, 
        -0.0024128967340170115, 
        -0.003401442607702504, 
        -0.0026193022951847833, 
        -0.0027493044915969655, 
        -0.0024164686507450184, 
        -0.0027673514512107644
    ]
}