{
    "2": [
        -0.0059143629988114843, 
        -0.0055439186766585713, 
        -0.0062697524295019236, 
        -0.0060741740095941188, 
        -0.0059739782591235469, 
        -0.0055123669054894797, 
        -0.005044907497956691, 
        -0.0061396584180200831, 
        -0.0048046325962128322, 
        -0.0063080269085550034
    ], 
    "3": [
        -0.0032053644946469506, 
        -0.0030405404326787622, 
        -0.0032565653541276329, 
        -0.0041449577352936362, 
        -0.0033393067333586379, 
        -0.0033053486800649068, 
        -0.0034290615904130073, 
        -0.0040774389776915831, 
        -0.0035849025654701994, 
        -0.0031535404124193867
    ], 
    "4": [
        -0.0032928111682439809, 
        -0.0029796913884266862, 
        -0.0028547490216652982, 
        -0.003108141928553021, 
        -0.0029334180222769235, 
        -0.0027877001797229906, 
        -0.0027928429786456543, 
        -0.0029433669484446867, 
        -0.0031311430445759847, 
        -0.0035792719029070219
    ], 
    "5": [
        -0.0027409252575653076, 
        -0.0028171096682469976, 
        -0.0029479926888852648, 
        -0.0031147634705829264, 
        -0.0031011033885575134, 
        -0.0027994772584588601, 
        -0.0028171538723220924, 
        -0.0028217609194377546, 
        -0.0028183877395825674, 
        -0.0026760780781987237
    ]
}