{
    "2": [
        -0.0049242928666185515, 
        -0.0046076108951170619, 
        -0.0054693481048373738, 
        -0.0041683310275781593, 
        -0.0056347534762306861, 
        -0.0048202360614659073, 
        -0.0045211690106064517, 
        -0.0053988309549415775, 
        -0.0038635461074613547, 
        -0.0051333893041005385
    ], 
    "3": [
        -0.0058085913102721987, 
        -0.0055737970459391883, 
        -0.0053817648148297426, 
        -0.0049974914987773178, 
        -0.0049595737745542767, 
        -0.0048486436879258965, 
        -0.005987034885701098, 
        -0.0058044465734410355, 
        -0.0052312213924237128, 
        -0.0048487204844908927
    ], 
    "4": [
        -0.0053140005823867908, 
        -0.0061078392323214159, 
        -0.006007479493906176, 
        -0.0045945122052474252, 
        -0.0054084015591022161, 
        -0.0051736250783075977, 
        -0.0056675507687157511, 
        -0.0056089143658613616, 
        -0.0054536179320557321, 
        -0.0054905639180313215
    ], 
    "5": [
        -0.0051024925241620611, 
        -0.004532630007466204, 
        -0.0048470571903435622, 
        -0.0056266935519473926, 
        -0.0058812802717579937, 
        -0.0051706282053977648, 
        -0.0047850709658055768, 
        -0.0055100580820866829, 
        -0.0054086317594417843, 
        -0.0049126290154779262
    ]
}