{
    "2": [
        -0.0037334739640492443, 
        -0.0030503623763541432, 
        -0.0047056702348754614, 
        -0.0039648114421406144, 
        -0.0029905737034521956, 
        -0.0029094398677622368, 
        -0.0048065135738905307, 
        -0.0027714888003604332, 
        -0.0037780942054765621, 
        -0.0030862365358288457
    ], 
    "3": [
        -0.0019390433308033028, 
        -0.0025119071553938166, 
        -0.0035105309731925383, 
        -0.00300399111774316, 
        -0.0026718042196280378, 
        -0.002566620902662381, 
        -0.0028991424120657916, 
        -0.0026242331840621858, 
        -0.0023037826754053053, 
        -0.0021441489751798382
    ], 
    "4": [
        -0.0032034962910140463, 
        -0.0029720612021384152, 
        -0.0030155651683592133, 
        -0.0033519894910585268, 
        -0.0032907693336435284, 
        -0.0034169152626526145, 
        -0.0039251912333228001, 
        -0.0040475729729838039, 
        -0.0030063158317405192, 
        -0.0035072240392251264
    ], 
    "5": [
        -0.0029374585705582434, 
        -0.0023670784338881423, 
        -0.0023956744283008535, 
        -0.0024464721892705765, 
        -0.0025037427987216754, 
        -0.0028404270177996571, 
        -0.0027915613110143234, 
        -0.003009279588331637, 
        -0.0034028622028685895, 
        -0.0025226658115137801
    ]
}