{
    "2": [
        -0.0043154633533470099, 
        -0.0043648056085533182, 
        -0.0050512820299338373, 
        -0.0044473704586265039, 
        -0.0043804222547026983, 
        -0.0046638779346934722, 
        -0.0043247950425049364, 
        -0.0034334206495766906, 
        -0.0042426852873177767, 
        -0.0046469136308142922
    ], 
    "3": [
        -0.00210637109510739, 
        -0.0031509195433984116, 
        -0.0026872128611424018, 
        -0.0024919620291824762, 
        -0.003217646247337419, 
        -0.002463088673825331, 
        -0.0024182798483973478, 
        -0.00252395198814237, 
        -0.0027691414681782767, 
        -0.0025895853777778699
    ], 
    "4": [
        -0.0018422482586280542, 
        -0.0020418607860979987, 
        -0.0024745023148095013, 
        -0.0020618076230584093, 
        -0.0020459324188954187, 
        -0.0029580498908765573, 
        -0.0023565069613502299, 
        -0.001893175596451746, 
        -0.0022253746292091037, 
        -0.0018839859745178322
    ], 
    "5": [
        -0.0026768259356631241, 
        -0.0026878308146142948, 
        -0.0023405384226186376, 
        -0.0028071253551560371, 
        -0.0023025084735767143, 
        -0.0027000926121369118, 
        -0.0022938627639355891, 
        -0.0027884511667921608, 
        -0.0026390316809372927, 
        -0.0024244029009581614
    ]
}