{
    "2": [
        -0.0044943286291047185, 
        -0.0046849797573351587, 
        -0.0050770749785916669, 
        -0.0041182857087116165, 
        -0.0052489859230780145, 
        -0.00455350981848264, 
        -0.0044933868252373943, 
        -0.005153152829420804, 
        -0.0042779276046896325, 
        -0.0055599875239862317
    ], 
    "3": [
        -0.0053740841873678169, 
        -0.0051351652426115946, 
        -0.0051963110487251163, 
        -0.0050828412151975311, 
        -0.0054464046876999683, 
        -0.0043515422207804355, 
        -0.0060736035007649403, 
        -0.0050045246883567429, 
        -0.0049528090060587393, 
        -0.0050555519247838521
    ], 
    "4": [
        -0.0050957986632692298, 
        -0.0047839738478348548, 
        -0.0053919718594413468, 
        -0.0053406476269606817, 
        -0.0048758829282959382, 
        -0.0052982258233154056, 
        -0.0054881420888094612, 
        -0.0054532123181179337, 
        -0.0051067897383011429, 
        -0.0049351493766433552
    ], 
    "5": [
        -0.0049047070695369399, 
        -0.005027877648826562, 
        -0.004703081686587729, 
        -0.0047506834373724771, 
        -0.004775039795234276, 
        -0.0044484831420619209, 
        -0.0045167346819122711, 
        -0.0049745910984974884, 
        -0.005400257871116948, 
        -0.0047596101808822788
    ]
}