{
    "2": [
        -0.0047968917457813787, 
        -0.0047520758076155245, 
        -0.0043207947322247975, 
        -0.0055693889381999429, 
        -0.0049966268107198841, 
        -0.0039500735534195447, 
        -0.0047398048492439671, 
        -0.004794905042873443, 
        -0.0058490432232013445, 
        -0.0054091095783779658
    ], 
    "3": [
        -0.0028632697085703429, 
        -0.0027115980114630622, 
        -0.0028596274470365224, 
        -0.002818522107153304, 
        -0.0027743859192040643, 
        -0.0024219292232945389, 
        -0.0027278786777674702, 
        -0.0026494396310669244, 
        -0.0026604599325916745, 
        -0.0027714077934040959
    ], 
    "4": [
        -0.0029024405017992472, 
        -0.0025470990682572303, 
        -0.0026599984222177853, 
        -0.002688074442792926, 
        -0.0028572076712376493, 
        -0.0027931760503357439, 
        -0.0028023947892011902, 
        -0.0029544827696699749, 
        -0.0031307830398496772, 
        -0.0029299613596037999
    ], 
    "5": [
        -0.0021758623372529762, 
        -0.0022399040140896054, 
        -0.0021564487680848232, 
        -0.0024213209236639277, 
        -0.0023205405113402577, 
        -0.002280898422797828, 
        -0.0025326619565457786, 
        -0.0022161401747687048, 
        -0.0022950495623081102, 
        -0.0022398654431218246
    ]
}