{
    "2": [
        -0.0052543513819648113, 
        -0.0064585845826195809, 
        -0.0046084116021468391, 
        -0.005131990619344301, 
        -0.0048540953558443983, 
        -0.0044643104725245741, 
        -0.0058180913525144873, 
        -0.0050567895192945023, 
        -0.0047525502083554105, 
        -0.0054946356058395707
    ], 
    "3": [
        -0.0034918573088292548, 
        -0.0033313643429948026, 
        -0.0032916059959143262, 
        -0.0036580754160543405, 
        -0.0031890119218030144, 
        -0.0028076148014228308, 
        -0.0034016709799730704, 
        -0.0031215505130260668, 
        -0.003397538166845876, 
        -0.0031266971010522615
    ], 
    "4": [
        -0.003175141753587879, 
        -0.0030627473709888275, 
        -0.0036501662804096779, 
        -0.0029331732911247466, 
        -0.0033573090817643758, 
        -0.0029974314818804471, 
        -0.0034691469401456343, 
        -0.0032885922566003312, 
        -0.0031726679247032485, 
        -0.0034580968585892491
    ], 
    "5": [
        -0.0029419677755849749, 
        -0.0028090728860833136, 
        -0.0029792892014951777, 
        -0.0029888349173905759, 
        -0.0029351363954673859, 
        -0.0028931685829837184, 
        -0.0027891228788741174, 
        -0.0028132497023113934, 
        -0.0029687078312347071, 
        -0.0030110580661717179
    ]
}