{
    "2": [
        -0.0033930589996506444, 
        -0.0037065930656574042, 
        -0.0030002553669651877, 
        -0.002911553451745319, 
        -0.0024005136821458467, 
        -0.0031563162848445153, 
        -0.0035483421597179154, 
        -0.002867014600584139, 
        -0.0045636971899052081, 
        -0.0036972971014775785
    ], 
    "3": [
        -0.0019036313717386566, 
        -0.0021856389740269599, 
        -0.0018953446591702117, 
        -0.0025990688788185834, 
        -0.0026359855426795198, 
        -0.0019694859918319707, 
        -0.0024089322915292477, 
        -0.0023248652234799938, 
        -0.0022759044699873221, 
        -0.0021738176907528939
    ], 
    "4": [
        -0.0019000655527153243, 
        -0.0015544596761661589, 
        -0.0016168879319615193, 
        -0.0021160370815202501, 
        -0.0018191278431098912, 
        -0.0021534100144580404, 
        -0.0020561995095798868, 
        -0.0015979893118736044, 
        -0.0015697080737626379, 
        -0.0015979867033889816
    ], 
    "5": [
        -0.0012013285017390685, 
        -0.00098810300996854394, 
        -0.0012589331365450707, 
        -0.0010301895139477879, 
        -0.0010314799681910569, 
        -0.0012228191608883721, 
        -0.00097642201418521313, 
        -0.0011498268090645858, 
        -0.0015260262764248134, 
        -0.0012551810359173465
    ]
}