{
  "impact_after": [
    6.3036115989462129e-06, 
    6.7903765826355934e-06, 
    8.1051073839409908e-06, 
    7.6974857989019477e-06, 
    7.5922647289201616e-06, 
    5.7173453541942698e-06, 
    9.1412232357543916e-06, 
    7.2181920809658021e-06, 
    7.9721665968339734e-06, 
    8.3390687276003736e-06, 
    8.4362723883033007e-06, 
    5.7904407414651193e-06, 
    6.6100178599440842e-06, 
    7.3278484053446726e-06, 
    5.7682221203674275e-06, 
    6.9026439943501998e-06, 
    1.0615535084760208e-05, 
    4.6681582368420797e-06, 
    6.6826592289269678e-06, 
    1.1951502477939468e-05, 
    9.5615628291587101e-06, 
    6.6720925742384529e-06, 
    5.6093371708088036e-06, 
    7.1392545001446598e-06, 
    7.519068702979026e-06, 
    5.7809118914002036e-06, 
    6.3073519436646073e-06, 
    1.1261304105260384e-05, 
    7.5222066242356946e-06, 
    8.4002930374179607e-06, 
    1.0679517341035283e-05, 
    1.4687889513863127e-05, 
    6.2189727643405801e-06, 
    5.7136355518287444e-06, 
    6.4921023608436323e-06
  ], 
  "mi_after": [
    0.069585924465972671, 
    0.05167120112821566, 
    0.059518075423843353, 
    0.052119988765944036, 
    0.044475238303361309, 
    0.062607686858339839, 
    0.069839329337952449, 
    0.064715642320543498, 
    0.043263550854319099, 
    0.048264501667963255, 
    0.072176345122051178, 
    0.023276751754925495, 
    0.036723565276473469, 
    0.048776112749245648, 
    0.094426923427989085, 
    0.043731436569774296, 
    0.088161595108792401, 
    0.047093155091697536, 
    0.042758704400988279, 
    0.058309129679717131, 
    0.041433767431466428, 
    0.036242739693794768, 
    0.053582571225310627, 
    0.044739919946471307, 
    0.038924890890186248, 
    0.056600516032740966, 
    0.035054408994065422, 
    0.097667943783245281, 
    0.0746790082071076, 
    0.084971749400343022, 
    0.052198804378234431, 
    0.090688238960189071, 
    0.026378874860409685, 
    0.026959509924483704, 
    0.044646901351409696
  ], 
  "impact_before": [
    1.155738897036368e-05, 
    1.1049351899074244e-05, 
    1.1557169384233901e-05, 
    1.1796123210090825e-05, 
    1.5469889836760452e-05, 
    1.1412092963813014e-05, 
    1.791837913206956e-05, 
    1.4571282417314535e-05, 
    1.7201727590691828e-05, 
    1.8201952658430055e-05, 
    1.7374876962307829e-05, 
    1.6368623062366972e-05, 
    1.3167897908481386e-05, 
    1.0204867691503194e-05, 
    1.0628975370894688e-05, 
    1.0529548701748992e-05, 
    2.4009442375226064e-05, 
    9.1132733710350127e-06, 
    1.2019551289052743e-05, 
    1.3802280960871826e-05, 
    1.5415364034472801e-05, 
    9.7252308728558174e-06, 
    9.6162360391225948e-06, 
    1.3735762046500927e-05, 
    1.7359743355225056e-05, 
    9.7725464151974522e-06, 
    1.348016678981584e-05, 
    2.336906570018704e-05, 
    1.569418465390382e-05, 
    1.7342102137657965e-05, 
    1.6913497991284554e-05, 
    2.1272884403021496e-05, 
    9.6105454932692289e-06, 
    1.106120667493149e-05, 
    1.4187539896190371e-05
  ], 
  "mi_before": [
    0.088695373309107151, 
    0.059372655129261265, 
    0.078999504396252807, 
    0.056496384752518836, 
    0.050464267104028515, 
    0.072430787970994892, 
    0.087592683515575587, 
    0.08636645066025439, 
    0.058060705342426022, 
    0.059297182784985303, 
    0.10392008169758338, 
    0.036972003025463884, 
    0.036745818080416104, 
    0.058117417314407671, 
    0.11779275868060601, 
    0.051788687218290885, 
    0.11636562323411237, 
    0.063148275958840649, 
    0.058300116450852091, 
    0.059123052239452356, 
    0.052238350288905888, 
    0.045991934940051493, 
    0.068761890279230631, 
    0.0617926187444513, 
    0.054443681717224024, 
    0.052522187540121834, 
    0.05494989818114604, 
    0.13825187463600486, 
    0.11762680146277882, 
    0.13404199346475743, 
    0.066302138392842824, 
    0.10645803600574721, 
    0.03683763061810108, 
    0.03684688825333815, 
    0.084173785679697133
  ]
}