{
  "impact_after": [
    3.1059858809450918e-05, 
    2.4797485359316862e-05, 
    2.9032207278173184e-05, 
    3.7656874698036692e-05, 
    4.2159360885196314e-05, 
    2.9378571166235767e-05, 
    4.9327744992637815e-05, 
    2.3635133456034713e-05, 
    2.5946516090416095e-05, 
    4.5774678896891238e-05, 
    2.2411303195949585e-05, 
    2.6908314653517367e-05, 
    2.3400315183241925e-05, 
    2.9370081676069443e-05, 
    3.1845429823181195e-05, 
    2.3044811384216991e-05, 
    3.0410237368565408e-05, 
    2.8024244815124886e-05, 
    3.7060224453594302e-05, 
    2.0083237999300285e-05, 
    3.5998018855562006e-05, 
    3.0761184523280945e-05, 
    2.9293605723157757e-05, 
    2.8220740351146133e-05, 
    2.4879705222084434e-05, 
    2.3626737954823785e-05, 
    2.1578528410708231e-05, 
    2.5467949647918654e-05, 
    2.5742453002526256e-05, 
    2.6694475572762942e-05, 
    4.0359961255537534e-05, 
    3.5607724199657755e-05, 
    1.8356716843534569e-05
  ], 
  "mi_after": [
    0.17571712512452287, 
    0.082586115590186804, 
    0.096247394531837394, 
    0.13245183218839607, 
    0.24789296997072308, 
    0.1416614190057679, 
    0.1602727930834873, 
    0.11283967523790928, 
    0.1223888363374499, 
    0.11469601388435757, 
    0.070811004571066594, 
    0.19668861555267236, 
    0.15832645609618989, 
    0.16517070555827651, 
    0.14728779991894303, 
    0.060382387242702951, 
    0.1511368864279965, 
    0.1162504581166619, 
    0.16608801181461352, 
    0.19931885407977834, 
    0.11360264422277844, 
    0.16903859754968176, 
    0.082529853688419585, 
    0.12503121660491123, 
    0.2003027876529182, 
    0.099854919588570734, 
    0.1096577969481074, 
    0.14122220345718306, 
    0.12738088952349802, 
    0.17139680457323836, 
    0.11153040587478635, 
    0.14330068139652941, 
    0.081846083473743558
  ], 
  "impact_before": [
    6.4980667605382548e-05, 
    6.2562550975785722e-05, 
    9.221371356531585e-05, 
    7.0828249274452215e-05, 
    5.5699469869941813e-05, 
    7.0896551125473688e-05, 
    7.4948925146709784e-05, 
    3.4720476507714593e-05, 
    4.6262472598556533e-05, 
    5.5132009193245625e-05, 
    4.5131786946148557e-05, 
    7.5613680208414086e-05, 
    8.7527069567272682e-05, 
    5.2340574732648833e-05, 
    6.0821328497727588e-05, 
    5.3045405345033768e-05, 
    5.338918562709227e-05, 
    4.0927635222663102e-05, 
    4.4137441641834087e-05, 
    5.0756561336356364e-05, 
    6.1248751273593337e-05, 
    5.1854809739959765e-05, 
    5.0677685056128933e-05, 
    8.8469390133391111e-05, 
    3.9957685175385562e-05, 
    4.6321957753163391e-05, 
    5.3314288610501361e-05, 
    4.9415057265396635e-05, 
    3.8456877861989589e-05, 
    4.6693134165788907e-05, 
    5.5350254592472365e-05, 
    7.6261351701425423e-05, 
    5.3000007508353708e-05
  ], 
  "mi_before": [
    0.25018683148888554, 
    0.24918758828422805, 
    0.29091733071793557, 
    0.27244629080218452, 
    0.29973539155168627, 
    0.23445958603069572, 
    0.20530493555960705, 
    0.11099585389472066, 
    0.15739691862805039, 
    0.14182536594120077, 
    0.13313790803949965, 
    0.3273653597049595, 
    0.41321441427623862, 
    0.22809010930788221, 
    0.18338153374641042, 
    0.1226788838144337, 
    0.19158457622795844, 
    0.17632897659114466, 
    0.1839276046888858, 
    0.29745772759978184, 
    0.22024723832290771, 
    0.22617332642524435, 
    0.12253063912375639, 
    0.32111935108559164, 
    0.21501428639558195, 
    0.1596682627641246, 
    0.21407617871381479, 
    0.2337670145922246, 
    0.19431415011139119, 
    0.19445812380407324, 
    0.18310375667087619, 
    0.21015748366460274, 
    0.17377012654748158
  ]
}