{
  "impact_after": [
    2.9827678675239445e-05, 
    2.391825589218055e-05, 
    3.5621013358512921e-05, 
    3.3478861902483311e-05
  ], 
  "mi_after": [
    0.22165953647814129, 
    0.10938660546569023, 
    0.17944233463110626, 
    0.11007863586880395
  ], 
  "impact_before": [
    6.3261987110781626e-05, 
    5.8466473750510398e-05, 
    7.0355193541106454e-05, 
    8.2052388690129758e-05
  ], 
  "mi_before": [
    0.26488342238060714, 
    0.16320831897205634, 
    0.25986633623641975, 
    0.17838553826741954
  ]
}