{
  "impact_after": [
    5.3379509179180551e-06, 
    7.8581270052223146e-06, 
    4.7670175716928439e-06, 
    8.4597335659435949e-06, 
    6.5105671644730686e-06, 
    6.1458035773617748e-06, 
    7.3351408591096344e-06, 
    8.2715209162195776e-06, 
    8.3167521142953344e-06, 
    7.1303260516084601e-06, 
    8.3919144678891721e-06, 
    5.3409914805659931e-06, 
    7.0500480569685162e-06
  ], 
  "mi_after": [
    0.038956708384673355, 
    0.053312283563527796, 
    0.049287789361788903, 
    0.077407691460138039, 
    0.053442000235527587, 
    0.033503352109697904, 
    0.065034585003210577, 
    0.082924017156847274, 
    0.061838006856056005, 
    0.041669619235845889, 
    0.05405168743168387, 
    0.062034054754784407, 
    0.033229943550616703
  ], 
  "impact_before": [
    8.1147568950465934e-06, 
    1.2952532282105522e-05, 
    8.1046288178470144e-06, 
    1.8885980560635811e-05, 
    1.4867396952518846e-05, 
    1.0345885563690649e-05, 
    1.6016396164197642e-05, 
    1.4221714601373531e-05, 
    1.4053002973364926e-05, 
    1.038752801702253e-05, 
    1.1982802513173073e-05, 
    1.4087675054620996e-05, 
    9.0539844650888164e-06
  ], 
  "mi_before": [
    0.038758205237468424, 
    0.064410889011017325, 
    0.071037632598468736, 
    0.10192979607686059, 
    0.0911035794753281, 
    0.042094055166202349, 
    0.098658049670838466, 
    0.088314947088000917, 
    0.074023266857843772, 
    0.04363290373935369, 
    0.059675775842723766, 
    0.091182829153908518, 
    0.037041300130897792
  ]
}