{
  "impact_after": [
    3.4225915073872516e-05, 
    3.8764091070829734e-05, 
    2.8783923442408822e-05, 
    2.4329099609309513e-05, 
    1.8871049368866884e-05, 
    3.2313202973018595e-05, 
    4.3702761415310016e-05, 
    2.2610472608768501e-05, 
    2.0244152298302592e-05
  ], 
  "mi_after": [
    0.17803298951139901, 
    0.1689768121246864, 
    0.18802492520417236, 
    0.10985540885342004, 
    0.093157108648926013, 
    0.21533549713265998, 
    0.14233687558799968, 
    0.11969170130719364, 
    0.095081961102256862
  ], 
  "impact_before": [
    3.990058680237013e-05, 
    8.1304028150129993e-05, 
    7.6920251080628662e-05, 
    5.9548553597785662e-05, 
    4.5181693704506503e-05, 
    6.3756862993101965e-05, 
    7.4399768445626457e-05, 
    5.2330366636818198e-05, 
    6.064065749997813e-05
  ], 
  "mi_before": [
    0.19417733708334772, 
    0.27712780983180307, 
    0.35300262594330256, 
    0.18409892732048805, 
    0.20409692402480717, 
    0.28043844066978085, 
    0.19861115371016691, 
    0.23631021332536495, 
    0.15272552244443904
  ]
}