{
  "impact_after": [
    6.4247102945671486e-06, 
    4.9210260826603735e-06, 
    8.4631051654959762e-06, 
    8.3886723258870816e-06, 
    7.3682876820886363e-06, 
    4.4103963006984488e-06, 
    6.4071929717933186e-06, 
    6.8567256701354551e-06, 
    1.0011324971487989e-05, 
    6.831061810422034e-06, 
    1.1087247037005199e-05, 
    8.1411203100402731e-06, 
    5.9057770773141002e-06, 
    7.1442429319883427e-06, 
    7.2260741006138217e-06, 
    5.7371108680609463e-06, 
    8.0859254721829532e-06, 
    7.6141378582530447e-06, 
    6.7296543351566538e-06, 
    6.1148198548507952e-06, 
    6.2312460429850837e-06
  ], 
  "mi_after": [
    0.048995439845886501, 
    0.044015351388571489, 
    0.069955088372802177, 
    0.11157402550779771, 
    0.054350591192031672, 
    0.028592468472800725, 
    0.028321095305282373, 
    0.048383786827999042, 
    0.069364740853828266, 
    0.058694393587602089, 
    0.072937622478593145, 
    0.050524430805521714, 
    0.066184141077002767, 
    0.037488211600204657, 
    0.055774644241594729, 
    0.038299449827746468, 
    0.04311735325597077, 
    0.044074922440977105, 
    0.038266315830324693, 
    0.046859499822098361, 
    0.039418325111948871
  ], 
  "impact_before": [
    1.161988402388492e-05, 
    1.0569591999966987e-05, 
    1.2060750261697339e-05, 
    1.3520049872463802e-05, 
    1.1592606415426755e-05, 
    8.8463506592911798e-06, 
    1.3937144556356528e-05, 
    1.1844267590049362e-05, 
    1.5143769715395327e-05, 
    1.6080692247885274e-05, 
    1.3345126165903998e-05, 
    1.0318986640260764e-05, 
    6.2913063752693677e-06, 
    1.5402996501963363e-05, 
    1.2033320288171556e-05, 
    9.4640125064772156e-06, 
    1.7067983621933291e-05, 
    1.1586940411362156e-05, 
    7.9088346593021443e-06, 
    1.3047306877476961e-05, 
    1.0118364795088153e-05
  ], 
  "mi_before": [
    0.053345961371793926, 
    0.062896613880167429, 
    0.088020679695742565, 
    0.12946589889441329, 
    0.062952523720611442, 
    0.042824924174000412, 
    0.051939040470192488, 
    0.056002024337281853, 
    0.082120509830138744, 
    0.075941962323722301, 
    0.072925460691504629, 
    0.059019506332404159, 
    0.065586364530658248, 
    0.055222976180439698, 
    0.081875030223125922, 
    0.059775418218250387, 
    0.070506802463313534, 
    0.072706693538190592, 
    0.042489501010150477, 
    0.05528858805507797, 
    0.053560201813728447
  ]
}